passengerId,firstName,lastName
1,FirstName1,LastName1
2,FirstName2,LastName2
3,FirstName3,LastName3
4,FirstName4,LastName4
5,FirstName5,LastName5
6,FirstName6,LastName6
7,FirstName7,LastName7
8,FirstName8,LastName8
9,FirstName9,LastName9
10,FirstName10,LastName10
11,FirstName11,LastName11
12,FirstName12,LastName12
13,FirstName13,LastName13
14,FirstName14,LastName14
15,FirstName15,LastName15
16,FirstName16,LastName16
17,FirstName17,LastName17
18,FirstName18,LastName18
19,FirstName19,LastName19
20,FirstName20,LastName20
21,FirstName21,LastName21
22,FirstName22,LastName22
23,FirstName23,LastName23
24,FirstName24,LastName24
25,FirstName25,LastName25
26,FirstName26,LastName26
27,FirstName27,LastName27
28,FirstName28,LastName28
29,FirstName29,LastName29
30,FirstName30,LastName30
31,FirstName31,LastName31
32,FirstName32,LastName32
33,FirstName33,LastName33
34,FirstName34,LastName34
35,FirstName35,LastName35
36,FirstName36,LastName36
37,FirstName37,LastName37
38,FirstName38,LastName38
39,FirstName39,LastName39
40,FirstName40,LastName40
41,FirstName41,LastName41
42,FirstName42,LastName42
43,FirstName43,LastName43
44,FirstName44,LastName44
45,FirstName45,LastName45
46,FirstName46,LastName46
47,FirstName47,LastName47
48,FirstName48,LastName48
49,FirstName49,LastName49
50,FirstName50,LastName50
51,FirstName51,LastName51
52,FirstName52,LastName52
53,FirstName53,LastName53
54,FirstName54,LastName54
55,FirstName55,LastName55
56,FirstName56,LastName56
57,FirstName57,LastName57
58,FirstName58,LastName58
59,FirstName59,LastName59
60,FirstName60,LastName60
61,FirstName61,LastName61
62,FirstName62,LastName62
63,FirstName63,LastName63
64,FirstName64,LastName64
65,FirstName65,LastName65
66,FirstName66,LastName66
67,FirstName67,LastName67
68,FirstName68,LastName68
69,FirstName69,LastName69
70,FirstName70,LastName70
71,FirstName71,LastName71
72,FirstName72,LastName72
73,FirstName73,LastName73
74,FirstName74,LastName74
75,FirstName75,LastName75
76,FirstName76,LastName76
77,FirstName77,LastName77
78,FirstName78,LastName78
79,FirstName79,LastName79
80,FirstName80,LastName80
81,FirstName81,LastName81
82,FirstName82,LastName82
83,FirstName83,LastName83
84,FirstName84,LastName84
85,FirstName85,LastName85
86,FirstName86,LastName86
87,FirstName87,LastName87
88,FirstName88,LastName88
89,FirstName89,LastName89
90,FirstName90,LastName90
91,FirstName91,LastName91
92,FirstName92,LastName92
93,FirstName93,LastName93
94,FirstName94,LastName94
95,FirstName95,LastName95
96,FirstName96,LastName96
97,FirstName97,LastName97
98,FirstName98,LastName98
99,FirstName99,LastName99
100,FirstName100,LastName100
